GivenName,Surname,Initials,DisplayName,Name,SamAccountName,UserPrincipalName,AccountPassword,Path
Dolores,McLaughlin,C,Dolores C. McLaughlin,"McLaughlin, Dolores C.",DCMcLaughlin,DCMcLaughlin@contoso.com,Pa$$w0rd!,"OU=North America,DC=contoso,DC=com"
Sandy,Raynor,W,Sandy W. Raynor,"Raynor, Sandy W.",SWRaynor,SWRaynor@contoso.com,Pa$$w0rd!,"OU=North America,DC=contoso,DC=com"
Beth,Woodard,F,Beth F. Woodard,"Woodard, Beth F.",BFWoodard,BFWoodard@contoso.com,Pa$$w0rd!,"OU=North America,DC=contoso,DC=com"
Jean,Griffin,S,Jean S. Griffin,"Griffin, Jean S.",JSGriffin,JSGriffin@contoso.com,Pa$$w0rd!,"OU=North America,DC=contoso,DC=com"
Neal,Middleton,I,Neal I. Middleton,"Middleton, Neal I.",NIMiddleton,NIMiddleton@contoso.com,Pa$$w0rd!,"OU=North America,DC=contoso,DC=com"
Donald,Chung,H,Donald H. Chung,"Chung, Donald H.",DHChung,DHChung@contoso.com,Pa$$w0rd!,"OU=North America,DC=contoso,DC=com"
Darlene,Barton,Z,Darlene Z. Barton,"Barton, Darlene Z.",DZBarton,DZBarton@contoso.com,Pa$$w0rd!,"OU=North America,DC=contoso,DC=com"
Frederick,Baker,F,Frederick F. Baker,"Baker, Frederick F.",FFBaker,FFBaker@contoso.com,Pa$$w0rd!,"OU=North America,DC=contoso,DC=com"
Shirley,Merritt,E,Shirley E. Merritt,"Merritt, Shirley E.",SEMerritt,SEMerritt@contoso.com,Pa$$w0rd!,"OU=North America,DC=contoso,DC=com"
Judith,Cooper,C,Judith C. Cooper,"Cooper, Judith C.",JCCooper,JCCooper@contoso.com,Pa$$w0rd!,"OU=North America,DC=contoso,DC=com"
Kyle,Watts,V,Kyle V. Watts,"Watts, Kyle V.",KVWatts,KVWatts@contoso.com,Pa$$w0rd!,"OU=North America,DC=contoso,DC=com"
Samantha,Hardin,B,Samantha B. Hardin,"Hardin, Samantha B.",SBHardin,SBHardin@contoso.com,Pa$$w0rd!,"OU=North America,DC=contoso,DC=com"
Patsy,Sinclair,I,Patsy I. Sinclair,"Sinclair, Patsy I.",PISinclair,PISinclair@contoso.com,Pa$$w0rd!,"OU=North America,DC=contoso,DC=com"
Brandon,James,A,Brandon A. James,"James, Brandon A.",BAJames,BAJames@contoso.com,Pa$$w0rd!,"OU=North America,DC=contoso,DC=com"
Ronnie,Cowan,R,Ronnie R. Cowan,"Cowan, Ronnie R.",RRCowan,RRCowan@contoso.com,Pa$$w0rd!,"OU=North America,DC=contoso,DC=com"
Geoffrey,Clapp,H,Geoffrey H. Clapp,"Clapp, Geoffrey H.",GHClapp,GHClapp@contoso.com,Pa$$w0rd!,"OU=North America,DC=contoso,DC=com"
Vincent,Sumner,U,Vincent U. Sumner,"Sumner, Vincent U.",VUSumner,VUSumner@contoso.com,Pa$$w0rd!,"OU=North America,DC=contoso,DC=com"
Kurt,Cassidy,A,Kurt A. Cassidy,"Cassidy, Kurt A.",KACassidy,KACassidy@contoso.com,Pa$$w0rd!,"OU=North America,DC=contoso,DC=com"
Charlene,Heath,S,Charlene S. Heath,"Heath, Charlene S.",CSHeath,CSHeath@contoso.com,Pa$$w0rd!,"OU=North America,DC=contoso,DC=com"
Martha,Robertson,V,Martha V. Robertson,"Robertson, Martha V.",MVRobertson,MVRobertson@contoso.com,Pa$$w0rd!,"OU=North America,DC=contoso,DC=com"
Roberta,Zhang,H,Roberta H. Zhang,"Zhang, Roberta H.",RHZhang,RHZhang@contoso.com,Pa$$w0rd!,"OU=North America,DC=contoso,DC=com"
Martin,Justice,Z,Martin Z. Justice,"Justice, Martin Z.",MZJustice,MZJustice@contoso.com,Pa$$w0rd!,"OU=North America,DC=contoso,DC=com"
Beth,Willis,B,Beth B. Willis,"Willis, Beth B.",BBWillis,BBWillis@contoso.com,Pa$$w0rd!,"OU=North America,DC=contoso,DC=com"
Jimmy,Graves,R,Jimmy R. Graves,"Graves, Jimmy R.",JRGraves,JRGraves@contoso.com,Pa$$w0rd!,"OU=North America,DC=contoso,DC=com"
Dianne,Norman,O,Dianne O. Norman,"Norman, Dianne O.",DONorman,DONorman@contoso.com,Pa$$w0rd!,"OU=North America,DC=contoso,DC=com"
Rhonda,Chan,H,Rhonda H. Chan,"Chan, Rhonda H.",RHChan,RHChan@contoso.com,Pa$$w0rd!,"OU=North America,DC=contoso,DC=com"
Tamara,Hunt,U,Tamara U. Hunt,"Hunt, Tamara U.",TUHunt,TUHunt@contoso.com,Pa$$w0rd!,"OU=North America,DC=contoso,DC=com"
Tamara,Stone,T,Tamara T. Stone,"Stone, Tamara T.",TTStone,TTStone@contoso.com,Pa$$w0rd!,"OU=North America,DC=contoso,DC=com"
Amy,Norman,K,Amy K. Norman,"Norman, Amy K.",AKNorman,AKNorman@contoso.com,Pa$$w0rd!,"OU=North America,DC=contoso,DC=com"
Pauline,Chandler,H,Pauline H. Chandler,"Chandler, Pauline H.",PHChandler,PHChandler@contoso.com,Pa$$w0rd!,"OU=North America,DC=contoso,DC=com"
Donna,Adkins,D,Donna D. Adkins,"Adkins, Donna D.",DDAdkins,DDAdkins@contoso.com,Pa$$w0rd!,"OU=North America,DC=contoso,DC=com"
Tracey,Waters,A,Tracey A. Waters,"Waters, Tracey A.",TAWaters,TAWaters@contoso.com,Pa$$w0rd!,"OU=North America,DC=contoso,DC=com"
Jerome,Joyce,P,Jerome P. Joyce,"Joyce, Jerome P.",JPJoyce,JPJoyce@contoso.com,Pa$$w0rd!,"OU=North America,DC=contoso,DC=com"
Terry,Barton,A,Terry A. Barton,"Barton, Terry A.",TABarton,TABarton@contoso.com,Pa$$w0rd!,"OU=North America,DC=contoso,DC=com"
Timothy,McNeill,C,Timothy C. McNeill,"McNeill, Timothy C.",TCMcNeill,TCMcNeill@contoso.com,Pa$$w0rd!,"OU=North America,DC=contoso,DC=com"
Lester,Rich,I,Lester I. Rich,"Rich, Lester I.",LIRich,LIRich@contoso.com,Pa$$w0rd!,"OU=North America,DC=contoso,DC=com"
Lauren,Schultz,C,Lauren C. Schultz,"Schultz, Lauren C.",LCSchultz,LCSchultz@contoso.com,Pa$$w0rd!,"OU=North America,DC=contoso,DC=com"
Ashley,Houston,O,Ashley O. Houston,"Houston, Ashley O.",AOHouston,AOHouston@contoso.com,Pa$$w0rd!,"OU=North America,DC=contoso,DC=com"
Rebecca,Heath,E,Rebecca E. Heath,"Heath, Rebecca E.",REHeath,REHeath@contoso.com,Pa$$w0rd!,"OU=North America,DC=contoso,DC=com"
Gregory,Weiner,E,Gregory E. Weiner,"Weiner, Gregory E.",GEWeiner,GEWeiner@contoso.com,Pa$$w0rd!,"OU=North America,DC=contoso,DC=com"
Geraldine,Davis,A,Geraldine A. Davis,"Davis, Geraldine A.",GADavis,GADavis@contoso.com,Pa$$w0rd!,"OU=North America,DC=contoso,DC=com"
Jeremy,House,O,Jeremy O. House,"House, Jeremy O.",JOHouse,JOHouse@contoso.com,Pa$$w0rd!,"OU=North America,DC=contoso,DC=com"
Wesley,Moser,O,Wesley O. Moser,"Moser, Wesley O.",WOMoser,WOMoser@contoso.com,Pa$$w0rd!,"OU=North America,DC=contoso,DC=com"
Tommy,Barrett,A,Tommy A. Barrett,"Barrett, Tommy A.",TABarrett,TABarrett@contoso.com,Pa$$w0rd!,"OU=North America,DC=contoso,DC=com"
Adam,Washington,A,Adam A. Washington,"Washington, Adam A.",AAWashington,AAWashington@contoso.com,Pa$$w0rd!,"OU=North America,DC=contoso,DC=com"
Lawrence,Miles,I,Lawrence I. Miles,"Miles, Lawrence I.",LIMiles,LIMiles@contoso.com,Pa$$w0rd!,"OU=North America,DC=contoso,DC=com"
Lillian,Bolton,O,Lillian O. Bolton,"Bolton, Lillian O.",LOBolton,LOBolton@contoso.com,Pa$$w0rd!,"OU=North America,DC=contoso,DC=com"
Gail,Whitehead,Z,Gail Z. Whitehead,"Whitehead, Gail Z.",GZWhitehead,GZWhitehead@contoso.com,Pa$$w0rd!,"OU=North America,DC=contoso,DC=com"
Virginia,York,O,Virginia O. York,"York, Virginia O.",VOYork,VOYork@contoso.com,Pa$$w0rd!,"OU=North America,DC=contoso,DC=com"
Karen,Clements,L,Karen L. Clements,"Clements, Karen L.",KLClements,KLClements@contoso.com,Pa$$w0rd!,"OU=South America,DC=contoso,DC=com"
Brent,Byrne,Y,Brent Y. Byrne,"Byrne, Brent Y.",BYByrne,BYByrne@contoso.com,Pa$$w0rd!,"OU=South America,DC=contoso,DC=com"
Clyde,Hendricks,E,Clyde E. Hendricks,"Hendricks, Clyde E.",CEHendricks,CEHendricks@contoso.com,Pa$$w0rd!,"OU=South America,DC=contoso,DC=com"
Mary,Cochran,O,Mary O. Cochran,"Cochran, Mary O.",MOCochran,MOCochran@contoso.com,Pa$$w0rd!,"OU=South America,DC=contoso,DC=com"
Ruth,Harmon,A,Ruth A. Harmon,"Harmon, Ruth A.",RAHarmon,RAHarmon@contoso.com,Pa$$w0rd!,"OU=South America,DC=contoso,DC=com"
Jim,Singleton,I,Jim I. Singleton,"Singleton, Jim I.",JISingleton,JISingleton@contoso.com,Pa$$w0rd!,"OU=South America,DC=contoso,DC=com"
Steven,Ballard,A,Steven A. Ballard,"Ballard, Steven A.",SABallard,SABallard@contoso.com,Pa$$w0rd!,"OU=South America,DC=contoso,DC=com"
Pauline,Spivey,P,Pauline P. Spivey,"Spivey, Pauline P.",PPSpivey,PPSpivey@contoso.com,Pa$$w0rd!,"OU=South America,DC=contoso,DC=com"
Kerry,Huff,U,Kerry U. Huff,"Huff, Kerry U.",KUHuff,KUHuff@contoso.com,Pa$$w0rd!,"OU=South America,DC=contoso,DC=com"
Lynne,Mangum,Z,Lynne Z. Mangum,"Mangum, Lynne Z.",LZMangum,LZMangum@contoso.com,Pa$$w0rd!,"OU=South America,DC=contoso,DC=com"
Leslie,Wolf,O,Leslie O. Wolf,"Wolf, Leslie O.",LOWolf,LOWolf@contoso.com,Pa$$w0rd!,"OU=South America,DC=contoso,DC=com"
Sheryl,Diaz,I,Sheryl I. Diaz,"Diaz, Sheryl I.",SIDiaz,SIDiaz@contoso.com,Pa$$w0rd!,"OU=South America,DC=contoso,DC=com"
Lewis,Currin,U,Lewis U. Currin,"Currin, Lewis U.",LUCurrin,LUCurrin@contoso.com,Pa$$w0rd!,"OU=South America,DC=contoso,DC=com"
Holly,Fox,O,Holly O. Fox,"Fox, Holly O.",HOFox,HOFox@contoso.com,Pa$$w0rd!,"OU=South America,DC=contoso,DC=com"
Joseph,Underwood,N,Joseph N. Underwood,"Underwood, Joseph N.",JNUnderwood,JNUnderwood@contoso.com,Pa$$w0rd!,"OU=South America,DC=contoso,DC=com"
Dorothy,Sherrill,H,Dorothy H. Sherrill,"Sherrill, Dorothy H.",DHSherrill,DHSherrill@contoso.com,Pa$$w0rd!,"OU=South America,DC=contoso,DC=com"
Glen,Thompson,H,Glen H. Thompson,"Thompson, Glen H.",GHThompson,GHThompson@contoso.com,Pa$$w0rd!,"OU=South America,DC=contoso,DC=com"
Holly,McIntosh,C,Holly C. McIntosh,"McIntosh, Holly C.",HCMcIntosh,HCMcIntosh@contoso.com,Pa$$w0rd!,"OU=South America,DC=contoso,DC=com"
George,Glover,L,George L. Glover,"Glover, George L.",GLGlover,GLGlover@contoso.com,Pa$$w0rd!,"OU=South America,DC=contoso,DC=com"
Paige,Henson,E,Paige E. Henson,"Henson, Paige E.",PEHenson,PEHenson@contoso.com,Pa$$w0rd!,"OU=South America,DC=contoso,DC=com"
Jay,Wang,A,Jay A. Wang,"Wang, Jay A.",JAWang,JAWang@contoso.com,Pa$$w0rd!,"OU=South America,DC=contoso,DC=com"
Vincent,Woodward,O,Vincent O. Woodward,"Woodward, Vincent O.",VOWoodward,VOWoodward@contoso.com,Pa$$w0rd!,"OU=South America,DC=contoso,DC=com"
Alice,Eaton,A,Alice A. Eaton,"Eaton, Alice A.",AAEaton,AAEaton@contoso.com,Pa$$w0rd!,"OU=South America,DC=contoso,DC=com"
Thomas,Fuller,U,Thomas U. Fuller,"Fuller, Thomas U.",TUFuller,TUFuller@contoso.com,Pa$$w0rd!,"OU=South America,DC=contoso,DC=com"
Russell,Hess,E,Russell E. Hess,"Hess, Russell E.",REHess,REHess@contoso.com,Pa$$w0rd!,"OU=South America,DC=contoso,DC=com"
Marsha,Gold,O,Marsha O. Gold,"Gold, Marsha O.",MOGold,MOGold@contoso.com,Pa$$w0rd!,"OU=South America,DC=contoso,DC=com"
Peter,Hughes,U,Peter U. Hughes,"Hughes, Peter U.",PUHughes,PUHughes@contoso.com,Pa$$w0rd!,"OU=South America,DC=contoso,DC=com"
Alan,Levin,E,Alan E. Levin,"Levin, Alan E.",AELevin,AELevin@contoso.com,Pa$$w0rd!,"OU=South America,DC=contoso,DC=com"
Wayne,Weiner,E,Wayne E. Weiner,"Weiner, Wayne E.",WEWeiner,WEWeiner@contoso.com,Pa$$w0rd!,"OU=South America,DC=contoso,DC=com"
Clara,Best,E,Clara E. Best,"Best, Clara E.",CEBest,CEBest@contoso.com,Pa$$w0rd!,"OU=South America,DC=contoso,DC=com"
Marshall,Dunlap,U,Marshall U. Dunlap,"Dunlap, Marshall U.",MUDunlap,MUDunlap@contoso.com,Pa$$w0rd!,"OU=South America,DC=contoso,DC=com"
Evelyn,Lyons,Y,Evelyn Y. Lyons,"Lyons, Evelyn Y.",EYLyons,EYLyons@contoso.com,Pa$$w0rd!,"OU=South America,DC=contoso,DC=com"
Dan,Quinn,U,Dan U. Quinn,"Quinn, Dan U.",DUQuinn,DUQuinn@contoso.com,Pa$$w0rd!,"OU=South America,DC=contoso,DC=com"
Juan,Hicks,I,Juan I. Hicks,"Hicks, Juan I.",JIHicks,JIHicks@contoso.com,Pa$$w0rd!,"OU=South America,DC=contoso,DC=com"
Hilda,Dickerson,I,Hilda I. Dickerson,"Dickerson, Hilda I.",HIDickerson,HIDickerson@contoso.com,Pa$$w0rd!,"OU=South America,DC=contoso,DC=com"
Chris,Robinson,O,Chris O. Robinson,"Robinson, Chris O.",CORobinson,CORobinson@contoso.com,Pa$$w0rd!,"OU=South America,DC=contoso,DC=com"
Leigh,James,A,Leigh A. James,"James, Leigh A.",LAJames,LAJames@contoso.com,Pa$$w0rd!,"OU=South America,DC=contoso,DC=com"
Pat,Hutchinson,U,Pat U. Hutchinson,"Hutchinson, Pat U.",PUHutchinson,PUHutchinson@contoso.com,Pa$$w0rd!,"OU=South America,DC=contoso,DC=com"
Rachel,Rosenthal,O,Rachel O. Rosenthal,"Rosenthal, Rachel O.",RORosenthal,RORosenthal@contoso.com,Pa$$w0rd!,"OU=South America,DC=contoso,DC=com"
Gloria,Shaffer,H,Gloria H. Shaffer,"Shaffer, Gloria H.",GHShaffer,GHShaffer@contoso.com,Pa$$w0rd!,"OU=South America,DC=contoso,DC=com"
Lori,Hayes,A,Lori A. Hayes,"Hayes, Lori A.",LAHayes,LAHayes@contoso.com,Pa$$w0rd!,"OU=South America,DC=contoso,DC=com"
Marlene,Baxter,A,Marlene A. Baxter,"Baxter, Marlene A.",MABaxter,MABaxter@contoso.com,Pa$$w0rd!,"OU=South America,DC=contoso,DC=com"
Allen,Sanchez,A,Allen A. Sanchez,"Sanchez, Allen A.",AASanchez,AASanchez@contoso.com,Pa$$w0rd!,"OU=South America,DC=contoso,DC=com"
Jennifer,Brantley,R,Jennifer R. Brantley,"Brantley, Jennifer R.",JRBrantley,JRBrantley@contoso.com,Pa$$w0rd!,"OU=South America,DC=contoso,DC=com"
Renee,Knowles,N,Renee N. Knowles,"Knowles, Renee N.",RNKnowles,RNKnowles@contoso.com,Pa$$w0rd!,"OU=South America,DC=contoso,DC=com"
Rita,Hardison,A,Rita A. Hardison,"Hardison, Rita A.",RAHardison,RAHardison@contoso.com,Pa$$w0rd!,"OU=South America,DC=contoso,DC=com"
Jacob,Wolf,O,Jacob O. Wolf,"Wolf, Jacob O.",JOWolf,JOWolf@contoso.com,Pa$$w0rd!,"OU=South America,DC=contoso,DC=com"
Vanessa,Chang,H,Vanessa H. Chang,"Chang, Vanessa H.",VHChang,VHChang@contoso.com,Pa$$w0rd!,"OU=South America,DC=contoso,DC=com"
Melinda,Phillips,H,Melinda H. Phillips,"Phillips, Melinda H.",MHPhillips,MHPhillips@contoso.com,Pa$$w0rd!,"OU=South America,DC=contoso,DC=com"
Harvey,Whitaker,H,Harvey H. Whitaker,"Whitaker, Harvey H.",HHWhitaker,HHWhitaker@contoso.com,Pa$$w0rd!,"OU=South America,DC=contoso,DC=com"
Joel,Wiley,I,Joel I. Wiley,"Wiley, Joel I.",JIWiley,JIWiley@contoso.com,Pa$$w0rd!,"OU=South America,DC=contoso,DC=com"
